<?xml version="1.0" encoding="utf-8"?>
<helpItems xmlns="http://msh" schema="maml">

<command:command xmlns:maml="http://schemas.microsoft.com/maml/2004/10" xmlns:command="http://schemas.microsoft.com/maml/dev/command/2004/10" xmlns:dev="http://schemas.microsoft.com/maml/dev/2004/10" xmlns:MSHelp="http://msdn.microsoft.com/mshelp">
<command:details><command:name>Add-AzureAnalysisServicesAccount</command:name>
<command:verb>Add</command:verb>
<command:noun>AzureAnalysisServicesAccount</command:noun>
<maml:description><maml:para>Adds an authenticated account to use for Azure Analysis Services server cmdlet requests.
</maml:para>
</maml:description>
</command:details>
<maml:description><maml:para>The Add-AzureAnalysisServicesAccount cmdlet is used to login to an instance of Azure Analysis Services server
</maml:para>
</maml:description>
<command:syntax><command:syntaxItem><maml:name>Add-AzureAnalysisServicesAccount</maml:name>
<command:parameter required="true" variableLength="true" globbing="false" pipelineInput="False" position="0" aliases="none"><maml:name>RolloutEnvironment</maml:name>
<maml:Description><maml:para>Name of the Azure Analysis Services environment to which to logon to. Given the full name of the server for example asazure://westcentralus.asazure.windows.net/testserver , the correct value for this variable will be westcentralus.asazure.windows.net
</maml:para>
</maml:Description>
<command:parameterValue required="true" variableLength="false">String</command:parameterValue>
<dev:type><maml:name>String</maml:name>
<maml:uri /></dev:type>
<dev:defaultValue>None</dev:defaultValue>
</command:parameter>
<command:parameter required="true" variableLength="true" globbing="false" pipelineInput="False" position="named" aliases="none"><maml:name>ApplicationId</maml:name>
<maml:Description><maml:para>The application ID.
</maml:para>
</maml:Description>
<command:parameterValue required="true" variableLength="false">String</command:parameterValue>
<dev:type><maml:name>String</maml:name>
<maml:uri /></dev:type>
<dev:defaultValue>None</dev:defaultValue>
</command:parameter>
<command:parameter required="true" variableLength="true" globbing="false" pipelineInput="False" position="named" aliases="none"><maml:name>CertificateThumbprint</maml:name>
<maml:Description><maml:para>Certificate Hash (Thumbprint)
</maml:para>
</maml:Description>
<command:parameterValue required="true" variableLength="false">String</command:parameterValue>
<dev:type><maml:name>String</maml:name>
<maml:uri /></dev:type>
<dev:defaultValue>None</dev:defaultValue>
</command:parameter>
<command:parameter required="true" variableLength="true" globbing="false" pipelineInput="False" position="named" aliases="none"><maml:name>ServicePrincipal</maml:name>
<maml:Description><maml:para>Indicates that this account authenticates by providing service principal credentials.
</maml:para>
</maml:Description>
<dev:type><maml:name>SwitchParameter</maml:name>
<maml:uri /></dev:type>
<dev:defaultValue>False</dev:defaultValue>
</command:parameter>
<command:parameter required="true" variableLength="true" globbing="false" pipelineInput="False" position="named" aliases="none"><maml:name>TenantId</maml:name>
<maml:Description><maml:para>Tenant name or ID
</maml:para>
</maml:Description>
<command:parameterValue required="true" variableLength="false">String</command:parameterValue>
<dev:type><maml:name>String</maml:name>
<maml:uri /></dev:type>
<dev:defaultValue>None</dev:defaultValue>
</command:parameter>
<command:parameter required="false" variableLength="true" globbing="false" pipelineInput="False" position="named" aliases="cf"><maml:name>Confirm</maml:name>
<maml:Description><maml:para>Prompts you for confirmation before running the cmdlet.
</maml:para>
</maml:Description>
<dev:type><maml:name>SwitchParameter</maml:name>
<maml:uri /></dev:type>
<dev:defaultValue>False</dev:defaultValue>
</command:parameter>
<command:parameter required="false" variableLength="true" globbing="false" pipelineInput="False" position="named" aliases="wi"><maml:name>WhatIf</maml:name>
<maml:Description><maml:para>Shows what would happen if the cmdlet runs. The cmdlet is not run.
</maml:para>
</maml:Description>
<dev:type><maml:name>SwitchParameter</maml:name>
<maml:uri /></dev:type>
<dev:defaultValue>False</dev:defaultValue>
</command:parameter>
</command:syntaxItem>
<command:syntaxItem><maml:name>Add-AzureAnalysisServicesAccount</maml:name>
<command:parameter required="false" variableLength="true" globbing="false" pipelineInput="False" position="0" aliases="none"><maml:name>RolloutEnvironment</maml:name>
<maml:Description><maml:para>Name of the Azure Analysis Services environment to which to logon to. Given the full name of the server for example asazure://westcentralus.asazure.windows.net/testserver , the correct value for this variable will be westcentralus.asazure.windows.net
</maml:para>
</maml:Description>
<command:parameterValue required="true" variableLength="false">String</command:parameterValue>
<dev:type><maml:name>String</maml:name>
<maml:uri /></dev:type>
<dev:defaultValue>None</dev:defaultValue>
</command:parameter>
<command:parameter required="false" variableLength="true" globbing="false" pipelineInput="False" position="1" aliases="none"><maml:name>Credential</maml:name>
<maml:Description><maml:para>Login credentials
</maml:para>
</maml:Description>
<command:parameterValue required="true" variableLength="false">PSCredential</command:parameterValue>
<dev:type><maml:name>PSCredential</maml:name>
<maml:uri /></dev:type>
<dev:defaultValue>None</dev:defaultValue>
</command:parameter>
<command:parameter required="false" variableLength="true" globbing="false" pipelineInput="False" position="named" aliases="cf"><maml:name>Confirm</maml:name>
<maml:Description><maml:para>Prompts you for confirmation before running the cmdlet.
</maml:para>
</maml:Description>
<dev:type><maml:name>SwitchParameter</maml:name>
<maml:uri /></dev:type>
<dev:defaultValue>False</dev:defaultValue>
</command:parameter>
<command:parameter required="false" variableLength="true" globbing="false" pipelineInput="False" position="named" aliases="wi"><maml:name>WhatIf</maml:name>
<maml:Description><maml:para>Shows what would happen if the cmdlet runs. The cmdlet is not run.
</maml:para>
</maml:Description>
<dev:type><maml:name>SwitchParameter</maml:name>
<maml:uri /></dev:type>
<dev:defaultValue>False</dev:defaultValue>
</command:parameter>
</command:syntaxItem>
<command:syntaxItem><maml:name>Add-AzureAnalysisServicesAccount</maml:name>
<command:parameter required="true" variableLength="true" globbing="false" pipelineInput="False" position="0" aliases="none"><maml:name>RolloutEnvironment</maml:name>
<maml:Description><maml:para>Name of the Azure Analysis Services environment to which to logon to. Given the full name of the server for example asazure://westcentralus.asazure.windows.net/testserver , the correct value for this variable will be westcentralus.asazure.windows.net
</maml:para>
</maml:Description>
<command:parameterValue required="true" variableLength="false">String</command:parameterValue>
<dev:type><maml:name>String</maml:name>
<maml:uri /></dev:type>
<dev:defaultValue>None</dev:defaultValue>
</command:parameter>
<command:parameter required="true" variableLength="true" globbing="false" pipelineInput="False" position="1" aliases="none"><maml:name>Credential</maml:name>
<maml:Description><maml:para>Login credentials
</maml:para>
</maml:Description>
<command:parameterValue required="true" variableLength="false">PSCredential</command:parameterValue>
<dev:type><maml:name>PSCredential</maml:name>
<maml:uri /></dev:type>
<dev:defaultValue>None</dev:defaultValue>
</command:parameter>
<command:parameter required="true" variableLength="true" globbing="false" pipelineInput="False" position="named" aliases="none"><maml:name>ServicePrincipal</maml:name>
<maml:Description><maml:para>Indicates that this account authenticates by providing service principal credentials.
</maml:para>
</maml:Description>
<dev:type><maml:name>SwitchParameter</maml:name>
<maml:uri /></dev:type>
<dev:defaultValue>False</dev:defaultValue>
</command:parameter>
<command:parameter required="true" variableLength="true" globbing="false" pipelineInput="False" position="named" aliases="none"><maml:name>TenantId</maml:name>
<maml:Description><maml:para>Tenant name or ID
</maml:para>
</maml:Description>
<command:parameterValue required="true" variableLength="false">String</command:parameterValue>
<dev:type><maml:name>String</maml:name>
<maml:uri /></dev:type>
<dev:defaultValue>None</dev:defaultValue>
</command:parameter>
<command:parameter required="false" variableLength="true" globbing="false" pipelineInput="False" position="named" aliases="cf"><maml:name>Confirm</maml:name>
<maml:Description><maml:para>Prompts you for confirmation before running the cmdlet.
</maml:para>
</maml:Description>
<dev:type><maml:name>SwitchParameter</maml:name>
<maml:uri /></dev:type>
<dev:defaultValue>False</dev:defaultValue>
</command:parameter>
<command:parameter required="false" variableLength="true" globbing="false" pipelineInput="False" position="named" aliases="wi"><maml:name>WhatIf</maml:name>
<maml:Description><maml:para>Shows what would happen if the cmdlet runs. The cmdlet is not run.
</maml:para>
</maml:Description>
<dev:type><maml:name>SwitchParameter</maml:name>
<maml:uri /></dev:type>
<dev:defaultValue>False</dev:defaultValue>
</command:parameter>
</command:syntaxItem>
</command:syntax>
<command:parameters><command:parameter required="true" variableLength="true" globbing="false" pipelineInput="False" position="named" aliases="none"><maml:name>ApplicationId</maml:name>
<maml:Description><maml:para>The application ID.
</maml:para>
</maml:Description>
<command:parameterValue required="true" variableLength="false">String</command:parameterValue>
<dev:type><maml:name>String</maml:name>
<maml:uri /></dev:type>
<dev:defaultValue>None</dev:defaultValue>
</command:parameter>
<command:parameter required="true" variableLength="true" globbing="false" pipelineInput="False" position="named" aliases="none"><maml:name>CertificateThumbprint</maml:name>
<maml:Description><maml:para>Certificate Hash (Thumbprint)
</maml:para>
</maml:Description>
<command:parameterValue required="true" variableLength="false">String</command:parameterValue>
<dev:type><maml:name>String</maml:name>
<maml:uri /></dev:type>
<dev:defaultValue>None</dev:defaultValue>
</command:parameter>
<command:parameter required="false" variableLength="true" globbing="false" pipelineInput="False" position="1" aliases="none"><maml:name>Credential</maml:name>
<maml:Description><maml:para>Login credentials
</maml:para>
</maml:Description>
<command:parameterValue required="true" variableLength="false">PSCredential</command:parameterValue>
<dev:type><maml:name>PSCredential</maml:name>
<maml:uri /></dev:type>
<dev:defaultValue>None</dev:defaultValue>
</command:parameter>
<command:parameter required="false" variableLength="true" globbing="false" pipelineInput="False" position="0" aliases="none"><maml:name>RolloutEnvironment</maml:name>
<maml:Description><maml:para>Name of the Azure Analysis Services environment to which to logon to. Given the full name of the server for example asazure://westcentralus.asazure.windows.net/testserver , the correct value for this variable will be westcentralus.asazure.windows.net
</maml:para>
</maml:Description>
<command:parameterValue required="true" variableLength="false">String</command:parameterValue>
<dev:type><maml:name>String</maml:name>
<maml:uri /></dev:type>
<dev:defaultValue>None</dev:defaultValue>
</command:parameter>
<command:parameter required="true" variableLength="true" globbing="false" pipelineInput="False" position="named" aliases="none"><maml:name>ServicePrincipal</maml:name>
<maml:Description><maml:para>Indicates that this account authenticates by providing service principal credentials.
</maml:para>
</maml:Description>
<command:parameterValue required="false" variableLength="false">SwitchParameter</command:parameterValue>
<dev:type><maml:name>SwitchParameter</maml:name>
<maml:uri /></dev:type>
<dev:defaultValue>False</dev:defaultValue>
</command:parameter>
<command:parameter required="true" variableLength="true" globbing="false" pipelineInput="False" position="named" aliases="none"><maml:name>TenantId</maml:name>
<maml:Description><maml:para>Tenant name or ID
</maml:para>
</maml:Description>
<command:parameterValue required="true" variableLength="false">String</command:parameterValue>
<dev:type><maml:name>String</maml:name>
<maml:uri /></dev:type>
<dev:defaultValue>None</dev:defaultValue>
</command:parameter>
<command:parameter required="false" variableLength="true" globbing="false" pipelineInput="False" position="named" aliases="cf"><maml:name>Confirm</maml:name>
<maml:Description><maml:para>Prompts you for confirmation before running the cmdlet.
</maml:para>
</maml:Description>
<command:parameterValue required="false" variableLength="false">SwitchParameter</command:parameterValue>
<dev:type><maml:name>SwitchParameter</maml:name>
<maml:uri /></dev:type>
<dev:defaultValue>False</dev:defaultValue>
</command:parameter>
<command:parameter required="false" variableLength="true" globbing="false" pipelineInput="False" position="named" aliases="wi"><maml:name>WhatIf</maml:name>
<maml:Description><maml:para>Shows what would happen if the cmdlet runs. The cmdlet is not run.
</maml:para>
</maml:Description>
<command:parameterValue required="false" variableLength="false">SwitchParameter</command:parameterValue>
<dev:type><maml:name>SwitchParameter</maml:name>
<maml:uri /></dev:type>
<dev:defaultValue>False</dev:defaultValue>
</command:parameter>
</command:parameters>
<command:inputTypes><command:inputType><dev:type><maml:name>None</maml:name>
</dev:type>
<maml:description><maml:para>This cmdlet does not accept any input.
</maml:para>
</maml:description>
</command:inputType>
</command:inputTypes>
<command:returnValues><command:returnValue><dev:type><maml:name>Microsoft.Azure.Commands.AnalysisServices.Dataplane.AsAzureProfile</maml:name>
</dev:type>
<maml:description><maml:para>
</maml:para>
</maml:description>
</command:returnValue>
</command:returnValues>
<maml:alertSet><maml:alert><maml:para>Alias: Login-AzureAsAccount
</maml:para>
</maml:alert>
</maml:alertSet>
<command:examples><command:example><maml:title>Example 1</maml:title>
<dev:code>PS C:\&gt;Add-AzureAnalysisServicesAccount
RolloutEnvironment: westcentralus.asazure.windows.net
Credential: $UserCredential</dev:code>
<dev:remarks><maml:para>This example will add the account specified by the $UserCredential variable to the westcentralus.asazure.windows.net Analysis Services environment.
</maml:para>
<maml:para></maml:para>
<maml:para></maml:para>
</dev:remarks>
</command:example>
<command:example><maml:title>Example 2</maml:title>
<dev:code>PS C:\&gt;$ApplicationCredential = Get-Credential
PS C:\&gt;Add-AzureAnalysisServicesAccount -RolloutEnvironment 'westcentralus.asazure.windows.net' -ServicePrincipal -Credential $ApplicationCredential -TenantId "xxxx-xxxx-xxxx-xxxx"</dev:code>
<dev:remarks><maml:para>The first command gets the application service principal credentials, and then stores them in the $ApplicationCredential variable. The second command add the application service principal account specified by the $ApplicationCredential variable and TenantId to the westcentralus.asazure.windows.net Analysis Services environment.
</maml:para>
<maml:para></maml:para>
<maml:para></maml:para>
</dev:remarks>
</command:example>
<command:example><maml:title>Example 3</maml:title>
<dev:code>PS C:\&gt;Add-AzureAnalysisServicesAccount -RolloutEnvironment 'westcentralus.asazure.windows.net' -ServicePrincipal -ApplicationId "yyyy-yyyy-yyyy-yyyy" -CertificateThumbprint 'zzzzzzzzzzzzzzzz' -TenantId "xxxx-xxxx-xxxx-xxxx"</dev:code>
<dev:remarks><maml:para>This example will add the application service principal account specified by the ApplicationId, TenantId and CertificateThumbprint to the westcentralus.asazure.windows.net Analysis Services environment.
</maml:para>
<maml:para></maml:para>
<maml:para></maml:para>
</dev:remarks>
</command:example>
</command:examples>
<command:relatedLinks><maml:navigationLink><maml:linkText>Online Version:</maml:linkText>
<maml:uri>https://docs.microsoft.com/en-us/powershell/module/azurerm.analysisservices/add-azureanalysisservicesaccount</maml:uri>
</maml:navigationLink>
</command:relatedLinks>
</command:command>
<command:command xmlns:maml="http://schemas.microsoft.com/maml/2004/10" xmlns:command="http://schemas.microsoft.com/maml/dev/command/2004/10" xmlns:dev="http://schemas.microsoft.com/maml/dev/2004/10" xmlns:MSHelp="http://msdn.microsoft.com/mshelp">
<command:details><command:name>Export-AzureAnalysisServicesInstance</command:name>
<command:verb>Export</command:verb>
<command:noun>AzureAnalysisServicesInstance</command:noun>
<maml:description><maml:para>Exports a log from an instance of Analysis Services server in the currently logged in Environment as specified in Add-AzureAnalysisServicesAccount command
</maml:para>
</maml:description>
</command:details>
<maml:description><maml:para>The Export-AzureAnalysisServicesInstance cmdlet exports log from an instance of Azure Analysis Services server to file
</maml:para>
</maml:description>
<command:syntax><command:syntaxItem><maml:name>Export-AzureAnalysisServicesInstance</maml:name>
<command:parameter required="true" variableLength="true" globbing="false" pipelineInput="False" position="0" aliases="none"><maml:name>Instance</maml:name>
<maml:Description><maml:para>Name of the Analysis Services server instance
</maml:para>
</maml:Description>
<command:parameterValue required="true" variableLength="false">String</command:parameterValue>
<dev:type><maml:name>String</maml:name>
<maml:uri /></dev:type>
<dev:defaultValue>None</dev:defaultValue>
</command:parameter>
<command:parameter required="true" variableLength="true" globbing="false" pipelineInput="False" position="0" aliases="none"><maml:name>OutputPath</maml:name>
<maml:Description><maml:para>Output path to file to export log
</maml:para>
</maml:Description>
<command:parameterValue required="true" variableLength="false">String</command:parameterValue>
<dev:type><maml:name>String</maml:name>
<maml:uri /></dev:type>
<dev:defaultValue>None</dev:defaultValue>
</command:parameter>
<command:parameter required="false" variableLength="true" globbing="false" pipelineInput="False" position="named" aliases="none"><maml:name>Force</maml:name>
<maml:Description><maml:para>Overwrite file if exists without asking
</maml:para>
</maml:Description>
<dev:type><maml:name>SwitchParameter</maml:name>
<maml:uri /></dev:type>
<dev:defaultValue>False</dev:defaultValue>
</command:parameter>
</command:syntaxItem>
</command:syntax>
<command:parameters><command:parameter required="true" variableLength="true" globbing="false" pipelineInput="False" position="0" aliases="none"><maml:name>Instance</maml:name>
<maml:Description><maml:para>Name of the Analysis Services server instance
</maml:para>
</maml:Description>
<command:parameterValue required="true" variableLength="false">String</command:parameterValue>
<dev:type><maml:name>String</maml:name>
<maml:uri /></dev:type>
<dev:defaultValue>None</dev:defaultValue>
</command:parameter>
<command:parameter required="true" variableLength="true" globbing="false" pipelineInput="False" position="0" aliases="none"><maml:name>OutputPath</maml:name>
<maml:Description><maml:para>Output path to file to export log
</maml:para>
</maml:Description>
<command:parameterValue required="true" variableLength="false">String</command:parameterValue>
<dev:type><maml:name>String</maml:name>
<maml:uri /></dev:type>
<dev:defaultValue>None</dev:defaultValue>
</command:parameter>
<command:parameter required="false" variableLength="true" globbing="false" pipelineInput="False" position="named" aliases="none"><maml:name>Force</maml:name>
<maml:Description><maml:para>Overwrite file if exists without asking
</maml:para>
</maml:Description>
<command:parameterValue required="false" variableLength="false">SwitchParameter</command:parameterValue>
<dev:type><maml:name>SwitchParameter</maml:name>
<maml:uri /></dev:type>
<dev:defaultValue>False</dev:defaultValue>
</command:parameter>
</command:parameters>
<command:inputTypes><command:inputType><dev:type><maml:name>None</maml:name>
</dev:type>
<maml:description><maml:para>This cmdlet does not accept any input.
</maml:para>
</maml:description>
</command:inputType>
</command:inputTypes>
<command:returnValues></command:returnValues>
<maml:alertSet><maml:alert><maml:para>Alias: Export-AzureAsInstanceLog
</maml:para>
</maml:alert>
</maml:alertSet>
<command:examples><command:example><maml:title>Example 1</maml:title>
<dev:code>PS C:\&gt;Export-AzureAnalysisServicesInstanceLog -Instance testserver -OuptutPath C:\path\to\log\testserver.log</dev:code>
<dev:remarks><maml:para>This command will export log from the server 'testserver' in the environment specified in the Add-AzureAnalysisServicesAccount command and save it to file specified in OutputPath 'C:\path\to\log\testserver.log'
</maml:para>
<maml:para></maml:para>
<maml:para></maml:para>
</dev:remarks>
</command:example>
</command:examples>
<command:relatedLinks><maml:navigationLink><maml:linkText>Online Version:</maml:linkText>
<maml:uri>https://docs.microsoft.com/en-us/powershell/module/azurerm.analysisservices/export-azureanalysisservicesinstancelog</maml:uri>
</maml:navigationLink>
</command:relatedLinks>
</command:command>
<command:command xmlns:maml="http://schemas.microsoft.com/maml/2004/10" xmlns:command="http://schemas.microsoft.com/maml/dev/command/2004/10" xmlns:dev="http://schemas.microsoft.com/maml/dev/2004/10" xmlns:MSHelp="http://msdn.microsoft.com/mshelp">
<command:details><command:name>Restart-AzureAnalysisServicesInstance</command:name>
<command:verb>Restart</command:verb>
<command:noun>AzureAnalysisServicesInstance</command:noun>
<maml:description><maml:para>Restarts an instance of Analysis Services server in the currently logged in Environment as specified in Add-AzureAnalysisServicesAccount command
</maml:para>
</maml:description>
</command:details>
<maml:description><maml:para>The Restart-AzureAnalysisServicesInstance cmdlet restarts an instance of Azure Analysis Services server
</maml:para>
</maml:description>
<command:syntax><command:syntaxItem><maml:name>Restart-AzureAnalysisServicesInstance</maml:name>
<command:parameter required="true" variableLength="true" globbing="false" pipelineInput="False" position="0" aliases="none"><maml:name>Instance</maml:name>
<maml:Description><maml:para>Name of the Analysis Services server instance to restart
</maml:para>
</maml:Description>
<command:parameterValue required="true" variableLength="false">String</command:parameterValue>
<dev:type><maml:name>String</maml:name>
<maml:uri /></dev:type>
<dev:defaultValue>None</dev:defaultValue>
</command:parameter>
<command:parameter required="false" variableLength="true" globbing="false" pipelineInput="False" position="named" aliases="none"><maml:name>PassThru</maml:name>
<maml:Description><maml:para>Specifying this will return true if the command was successful.
</maml:para>
</maml:Description>
<dev:type><maml:name>SwitchParameter</maml:name>
<maml:uri /></dev:type>
<dev:defaultValue>False</dev:defaultValue>
</command:parameter>
<command:parameter required="false" variableLength="true" globbing="false" pipelineInput="False" position="named" aliases="cf"><maml:name>Confirm</maml:name>
<maml:Description><maml:para>Prompts you for confirmation before running the cmdlet.
</maml:para>
</maml:Description>
<dev:type><maml:name>SwitchParameter</maml:name>
<maml:uri /></dev:type>
<dev:defaultValue>False</dev:defaultValue>
</command:parameter>
<command:parameter required="false" variableLength="true" globbing="false" pipelineInput="False" position="named" aliases="wi"><maml:name>WhatIf</maml:name>
<maml:Description><maml:para>Shows what would happen if the cmdlet runs. The cmdlet is not run.
</maml:para>
</maml:Description>
<dev:type><maml:name>SwitchParameter</maml:name>
<maml:uri /></dev:type>
<dev:defaultValue>False</dev:defaultValue>
</command:parameter>
</command:syntaxItem>
</command:syntax>
<command:parameters><command:parameter required="true" variableLength="true" globbing="false" pipelineInput="False" position="0" aliases="none"><maml:name>Instance</maml:name>
<maml:Description><maml:para>Name of the Analysis Services server instance to restart
</maml:para>
</maml:Description>
<command:parameterValue required="true" variableLength="false">String</command:parameterValue>
<dev:type><maml:name>String</maml:name>
<maml:uri /></dev:type>
<dev:defaultValue>None</dev:defaultValue>
</command:parameter>
<command:parameter required="false" variableLength="true" globbing="false" pipelineInput="False" position="named" aliases="none"><maml:name>PassThru</maml:name>
<maml:Description><maml:para>Specifying this will return true if the command was successful.
</maml:para>
</maml:Description>
<command:parameterValue required="false" variableLength="false">SwitchParameter</command:parameterValue>
<dev:type><maml:name>SwitchParameter</maml:name>
<maml:uri /></dev:type>
<dev:defaultValue>False</dev:defaultValue>
</command:parameter>
<command:parameter required="false" variableLength="true" globbing="false" pipelineInput="False" position="named" aliases="cf"><maml:name>Confirm</maml:name>
<maml:Description><maml:para>Prompts you for confirmation before running the cmdlet.
</maml:para>
</maml:Description>
<command:parameterValue required="false" variableLength="false">SwitchParameter</command:parameterValue>
<dev:type><maml:name>SwitchParameter</maml:name>
<maml:uri /></dev:type>
<dev:defaultValue>False</dev:defaultValue>
</command:parameter>
<command:parameter required="false" variableLength="true" globbing="false" pipelineInput="False" position="named" aliases="wi"><maml:name>WhatIf</maml:name>
<maml:Description><maml:para>Shows what would happen if the cmdlet runs. The cmdlet is not run.
</maml:para>
</maml:Description>
<command:parameterValue required="false" variableLength="false">SwitchParameter</command:parameterValue>
<dev:type><maml:name>SwitchParameter</maml:name>
<maml:uri /></dev:type>
<dev:defaultValue>False</dev:defaultValue>
</command:parameter>
</command:parameters>
<command:inputTypes><command:inputType><dev:type><maml:name>None</maml:name>
</dev:type>
<maml:description><maml:para>This cmdlet does not accept any input.
</maml:para>
</maml:description>
</command:inputType>
</command:inputTypes>
<command:returnValues><command:returnValue><dev:type><maml:name>System.Boolean</maml:name>
</dev:type>
<maml:description><maml:para>
</maml:para>
</maml:description>
</command:returnValue>
</command:returnValues>
<maml:alertSet><maml:alert><maml:para>Alias: Restart-AzureAsInstance
</maml:para>
</maml:alert>
</maml:alertSet>
<command:examples><command:example><maml:title>Example 1</maml:title>
<dev:code>PS C:\&gt;Restart-AzureAnalysisServicesInstance
Instance: testserver</dev:code>
<dev:remarks><maml:para>This command will restart the server 'testserver' in the environment specified in the Add-AzureAnalysisServicesAccount command
</maml:para>
<maml:para></maml:para>
<maml:para></maml:para>
</dev:remarks>
</command:example>
</command:examples>
<command:relatedLinks><maml:navigationLink><maml:linkText>Online Version:</maml:linkText>
<maml:uri>https://docs.microsoft.com/en-us/powershell/module/azurerm.analysisservices/restart-azureanalysisservicesinstance</maml:uri>
</maml:navigationLink>
</command:relatedLinks>
</command:command>
<command:command xmlns:maml="http://schemas.microsoft.com/maml/2004/10" xmlns:command="http://schemas.microsoft.com/maml/dev/command/2004/10" xmlns:dev="http://schemas.microsoft.com/maml/dev/2004/10" xmlns:MSHelp="http://msdn.microsoft.com/mshelp">
<command:details><command:name>Sync-AzureAnalysisServicesInstance</command:name>
<command:verb>Sync</command:verb>
<command:noun>AzureAnalysisServicesInstance</command:noun>
<maml:description><maml:para>Synchronizes a specified database on the specified instance of Analysis Services server to all the query scaleout instances in the currently logged in Environment as specified in Add-AzureAnalysisServicesAccount command
</maml:para>
</maml:description>
</command:details>
<maml:description><maml:para>The Sync-AzureAnalysisServicesInstance cmdlet synchronizes a specified database on the specified instance of Analysis Services server to all the query scaleout instances in the currently logged in Environment as specified in Add-AzureAnalysisServicesAccount command
</maml:para>
</maml:description>
<command:syntax><command:syntaxItem><maml:name>Sync-AzureAnalysisServicesInstance</maml:name>
<command:parameter required="true" variableLength="true" globbing="false" pipelineInput="False" position="0" aliases="none"><maml:name>Instance</maml:name>
<maml:Description><maml:para>Name of the Analysis Services server instance to restart
</maml:para>
</maml:Description>
<command:parameterValue required="true" variableLength="false">String</command:parameterValue>
<dev:type><maml:name>String</maml:name>
<maml:uri /></dev:type>
<dev:defaultValue>None</dev:defaultValue>
</command:parameter>
<command:parameter required="true" variableLength="true" globbing="false" pipelineInput="False" position="0" aliases="none"><maml:name>Database</maml:name>
<maml:Description><maml:para>Identity of the database to be synchronized
</maml:para>
</maml:Description>
<command:parameterValue required="true" variableLength="false">String</command:parameterValue>
<dev:type><maml:name>String</maml:name>
<maml:uri /></dev:type>
<dev:defaultValue>None</dev:defaultValue>
</command:parameter>
<command:parameter required="false" variableLength="true" globbing="false" pipelineInput="False" position="named" aliases="none"><maml:name>PassThru</maml:name>
<maml:Description><maml:para>Specifying this will return true if the command was successful.
</maml:para>
</maml:Description>
<dev:type><maml:name>SwitchParameter</maml:name>
<maml:uri /></dev:type>
<dev:defaultValue>False</dev:defaultValue>
</command:parameter>
</command:syntaxItem>
</command:syntax>
<command:parameters><command:parameter required="true" variableLength="true" globbing="false" pipelineInput="False" position="0" aliases="none"><maml:name>Instance</maml:name>
<maml:Description><maml:para>Name of the Analysis Services server instance to restart
</maml:para>
</maml:Description>
<command:parameterValue required="true" variableLength="false">String</command:parameterValue>
<dev:type><maml:name>String</maml:name>
<maml:uri /></dev:type>
<dev:defaultValue>None</dev:defaultValue>
</command:parameter>
<command:parameter required="true" variableLength="true" globbing="false" pipelineInput="False" position="0" aliases="none"><maml:name>Database</maml:name>
<maml:Description><maml:para>Identity of the database to be synchronized
</maml:para>
</maml:Description>
<command:parameterValue required="true" variableLength="false">String</command:parameterValue>
<dev:type><maml:name>String</maml:name>
<maml:uri /></dev:type>
<dev:defaultValue>None</dev:defaultValue>
</command:parameter>
<command:parameter required="false" variableLength="true" globbing="false" pipelineInput="False" position="named" aliases="none"><maml:name>PassThru</maml:name>
<maml:Description><maml:para>Specifying this will return true if the command was successful.
</maml:para>
</maml:Description>
<command:parameterValue required="false" variableLength="false">SwitchParameter</command:parameterValue>
<dev:type><maml:name>SwitchParameter</maml:name>
<maml:uri /></dev:type>
<dev:defaultValue>False</dev:defaultValue>
</command:parameter>
</command:parameters>
<command:inputTypes><command:inputType><dev:type><maml:name>None</maml:name>
</dev:type>
<maml:description><maml:para>This cmdlet does not accept any input.
</maml:para>
</maml:description>
</command:inputType>
</command:inputTypes>
<command:returnValues><command:returnValue><dev:type><maml:name>System.Boolean</maml:name>
</dev:type>
<maml:description><maml:para>
</maml:para>
</maml:description>
</command:returnValue>
</command:returnValues>
<maml:alertSet><maml:alert><maml:para>Alias: Sync-AzureAsInstance
</maml:para>
</maml:alert>
</maml:alertSet>
<command:examples><command:example><maml:title>Example 1</maml:title>
<dev:code>PS C:\&gt;Sync-AzureAnalysisServicesInstance -Instance asazure://westus.asazure.windows.net/contoso -Database SalesOrders</dev:code>
<dev:remarks><maml:para>This command will synchronize the database named SalesOrders in the server named 'contoso' in the environment westus.asazure.windows.net provided the user has logged-in to this enviroment using Add-AzureAnalysisServicesAccount command.
</maml:para>
<maml:para></maml:para>
<maml:para></maml:para>
</dev:remarks>
</command:example>
</command:examples>
<command:relatedLinks><maml:navigationLink><maml:linkText>Online Version:</maml:linkText>
<maml:uri>https://docs.microsoft.com/en-us/powershell/module/azurerm.analysisservices/sync-azureanalysisservicesinstance</maml:uri>
</maml:navigationLink>
</command:relatedLinks>
</command:command>
</helpItems>