<Objs Version="1.1.0.1" xmlns="http://schemas.microsoft.com/powershell/2004/04">
  <Obj RefId="0">
    <TN RefId="0">
      <T>Microsoft.PowerShell.Commands.PSRepositoryItemInfo</T>
      <T>System.Management.Automation.PSCustomObject</T>
      <T>System.Object</T>
    </TN>
    <MS>
      <S N="Name">Azure.AnalysisServices</S>
      <S N="Version">0.5.0</S>
      <S N="Type">Module</S>
      <S N="Description">Microsoft Azure PowerShell - Analysis Services server management</S>
      <S N="Author">Microsoft Corporation</S>
      <S N="CompanyName">Microsoft Corporation</S>
      <S N="Copyright">Microsoft Corporation. All rights reserved.</S>
      <Obj N="PublishedDate" RefId="1">
        <TN RefId="1">
          <T>System.Management.Automation.PSCustomObject</T>
          <T>System.Object</T>
        </TN>
      </Obj>
      <Nil N="InstalledDate" />
      <Nil N="UpdatedDate" />
      <URI N="LicenseUri">https://aka.ms/azps-license</URI>
      <URI N="ProjectUri">https://github.com/Azure/azure-powershell</URI>
      <Nil N="IconUri" />
      <Obj N="Tags" RefId="2">
        <TN RefId="2">
          <T>System.Object[]</T>
          <T>System.Array</T>
          <T>System.Object</T>
        </TN>
        <LST>
          <S>Azure</S>
          <S>AzureAS</S>
          <S>AS</S>
          <S>PSModule</S>
        </LST>
      </Obj>
      <Obj N="Includes" RefId="3">
        <TN RefId="3">
          <T>System.Collections.Hashtable</T>
          <T>System.Object</T>
        </TN>
        <DCT>
          <En>
            <S N="Key">Function</S>
            <Obj N="Value" RefId="4">
              <TNRef RefId="2" />
              <LST />
            </Obj>
          </En>
          <En>
            <S N="Key">RoleCapability</S>
            <Obj N="Value" RefId="5">
              <TNRef RefId="2" />
              <LST />
            </Obj>
          </En>
          <En>
            <S N="Key">Command</S>
            <Obj N="Value" RefId="6">
              <TNRef RefId="2" />
              <LST>
                <S>Add-AzureAnalysisServicesAccount</S>
                <S>Restart-AzureAnalysisServicesInstance</S>
                <S>Export-AzureAnalysisServicesInstanceLog</S>
                <S>Sync-AzureAnalysisServicesInstance</S>
              </LST>
            </Obj>
          </En>
          <En>
            <S N="Key">DscResource</S>
            <Obj N="Value" RefId="7">
              <TNRef RefId="2" />
              <LST />
            </Obj>
          </En>
          <En>
            <S N="Key">Workflow</S>
            <Obj N="Value" RefId="8">
              <TNRef RefId="2" />
              <LST />
            </Obj>
          </En>
          <En>
            <S N="Key">Cmdlet</S>
            <Obj N="Value" RefId="9">
              <TNRef RefId="2" />
              <LST>
                <S>Add-AzureAnalysisServicesAccount</S>
                <S>Restart-AzureAnalysisServicesInstance</S>
                <S>Export-AzureAnalysisServicesInstanceLog</S>
                <S>Sync-AzureAnalysisServicesInstance</S>
              </LST>
            </Obj>
          </En>
        </DCT>
      </Obj>
      <Nil N="PowerShellGetFormatVersion" />
      <S N="ReleaseNotes">https://github.com/Azure/azure-powershell/blob/dev/ChangeLog.md</S>
      <Obj N="Dependencies" RefId="10">
        <TNRef RefId="2" />
        <LST>
          <Obj RefId="11">
            <TN RefId="4">
              <T>System.Collections.Specialized.OrderedDictionary</T>
              <T>System.Object</T>
            </TN>
            <DCT>
              <En>
                <S N="Key">Name</S>
                <S N="Value">AzureRM.Profile</S>
              </En>
              <En>
                <S N="Key">MinimumVersion</S>
                <S N="Value">4.6.0</S>
              </En>
              <En>
                <S N="Key">CanonicalId</S>
                <S N="Value">nuget:AzureRM.Profile/4.6.0</S>
              </En>
            </DCT>
          </Obj>
        </LST>
      </Obj>
<S N="RepositorySourceLocation">https://www.powershellgallery.com/api/v2/</S>
<S N="Repository">PSGallery</S>
      <S N="PackageManagementProvider">NuGet</S>
      <Obj N="AdditionalMetadata" RefId="12">
        <TNRef RefId="1" />
        <MS>
          <S N="copyright">Microsoft Corporation. All rights reserved.</S>
          <S N="description">Microsoft Azure PowerShell - Analysis Services server management</S>
          <S N="requireLicenseAcceptance">True</S>
          <S N="releaseNotes">https://github.com/Azure/azure-powershell/blob/dev/ChangeLog.md</S>
          <S N="isLatestVersion">False</S>
          <S N="isAbsoluteLatestVersion">False</S>
          <S N="tags">Azure AzureAS AS PSModule PSIncludes_Cmdlet PSCmdlet_Add-AzureAnalysisServicesAccount PSCmdlet_Restart-AzureAnalysisServicesInstance PSCmdlet_Export-AzureAnalysisServicesInstanceLog PSCmdlet_Sync-AzureAnalysisServicesInstance PSCommand_Add-AzureAnalysisServicesAccount PSCommand_Restart-AzureAnalysisServicesInstance PSCommand_Export-AzureAnalysisServicesInstanceLog PSCommand_Sync-AzureAnalysisServicesInstance</S>
          <S N="developmentDependency">False</S>
          <B N="IsPrerelease">false</B>
        </MS>
      </Obj>

    </MS>
  </Obj>
</Objs>



